No.,Business Unit,Card Code,Card Name,Email,Password,Universal Card Code,Credit Limit,Group,Territory,Class,Created Date
1301,NTMC,C13033,DIAMANT MANUFACTURING AND TRDING CORP.,01074@mailinator.com,1074,1074,1000000,MANILA,PARANAQUE,REGULAR,2-Jan-20
1302,NTMC,C13034,JEGS MOTORCYCLE PARTS AND SERVICES,02050@mailinator.com,2050,2050,0,BACOLOD,BACOLOD CITY,-,2-Jan-20
1303,NTMC,C13035,JOSE KENNY DY,02213@mailinator.com,2213,2213,0,CEBU,CEBU CITY,-,2-Jan-20
1304,NTMC,C13036,CIRTEK ELECTRONICS CORPORATION,00837@mailinator.com,837,837,0,MANILA,BI?N,REGULAR,2-Jan-20
1305,NTMC,C13037,"UNITED PULP AND PAPER CO., INC.",04323@mailinator.com,4323,4323,500000,MANILA,TAGUIG,-,2-Jan-20
1306,NTMC,C13038,"WEENER-PLASTOP ASIA, INC.",04429@mailinator.com,4429,4429,500000,MANILA,MANILA,REGULAR,2-Jan-20
1307,NTMC,C13038A,"PLASTOP ASIA, INC.",03292@mailinator.com,3292,3292,0,MANILA,MEYCAUAYAN,REGULAR,2-Jan-20
1308,NTMC,C13039,FH COMMERCIAL INC.,01414@mailinator.com,1414,1414,0,MANILA,MALABON,REGULAR,2-Jan-20
1309,NTMC,C13040,MONARK EQUIPMENT CORPORATION,02839@mailinator.com,2839,2839,0,MANILA,QUEZON CITY,REGULAR,2-Jan-20
1310,NTMC,C13041,GEE RHAIM TOURS,01542@mailinator.com,1542,1542,350000,TACLOBAN,PALOMPON,-,2-Jan-20
1311,NTMC,C13042,SPEEDITE INDUSTRIAL SOLUTIONS,03991@mailinator.com,3991,3991,0,MANILA,BI?N,REGULAR,2-Jan-20
1312,NTMC,C13026,ARKAN ENTERPRISES,00354@mailinator.com,354,354,2000000,MANILA,ANTIPOLO,REGULAR,2-Jan-20
1313,NTMC,C13027,HOUSE TECHNOLOGY INDUSTRIES PTE LTD.,01792@mailinator.com,1792,1792,700000,MANILA,ROSARIO,REGULAR,2-Jan-20
1314,NTMC,C13027A,WU KONG SINGAPORE PTE LTD.,04484@mailinator.com,4484,4484,0,MANILA,ROSARIO,REGULAR,2-Jan-20
1315,NTMC,C13028,EMJB AUTO SUPPLY AND MOTOR PARTS,01277@mailinator.com,1277,1277,0,BOHOL,TAGBILARAN CITY,REGULAR,2-Jan-20
1316,NTMC,C13029,SM PRIME HOLDINGS INC.,03935@mailinator.com,3935,3935,1000000,MANILA,PASAY,REGULAR,2-Jan-20
1317,NTMC,C13030,MANILA BULLETIN PUBLISHING CORPORATION,02624@mailinator.com,2624,2624,1000000,MANILA,MANILA,REGULAR,2-Jan-20
1318,NTMC,C13031,TELERED TECHNOLOGIES & SERVICES CORPORATION,04141@mailinator.com,4141,4141,0,MANILA,PASIG,-,2-Jan-20
1319,NTMC,C13017,ZEST-O CORPORATION,04544@mailinator.com,4544,4544,0,MANILA,CALOOCAN,REGULAR,2-Jan-20
1320,NTMC,C13018,IONION SHIPHOLDING COMPANY LIMITED,01872@mailinator.com,1872,1872,0,MANILA,BATAAN,-,2-Jan-20
1321,NTMC,C13019,M.V. SHER KHAN - THOMAS CHARTERS LTD.,02563@mailinator.com,2563,2563,0,CEBU,CEBU NORTH,-,2-Jan-20
1322,NTMC,C13019A,M.V. SHER KHAN - THOMAS CHARTERS LTD.,02564@mailinator.com,2564,2564,0,MANILA,ZAMBALES,-,2-Jan-20
1323,NTMC,C13020,PHELPS DODGE PHILIPPINES ENERGY PRODUCTS CORPORATION,03233@mailinator.com,3233,3233,300000,MANILA,TARLAC,REGULAR,2-Jan-20
1324,NTMC,C13021,VM ENTERPRISES,04401@mailinator.com,4401,4401,0,TACLOBAN,TACLOBAN CITY,-,2-Jan-20
1325,NTMC,C13022,ECOSYSTEMS ENTERPRISES INCORPORATED,01198@mailinator.com,1198,1198,0,MANILA,BI?N,REGULAR,2-Jan-20
1326,NTMC,C13023,"SUNSTAR PRINTERS, INC.",04062@mailinator.com,4062,4062,100000,CEBU,CEBU CITY,REGULAR,2-Jan-20
1327,NTMC,C13024,"CEBU MANILA WATER DEVELOPMENT, INC.",00749@mailinator.com,749,749,0,CEBU,CEBU CITY,-,2-Jan-20
1328,NTMC,C13025,CDC MANUFACTURING CORPORATION,00726@mailinator.com,726,726,0,MANILA,MALABON,-,2-Jan-20
1329,NTMC,C13007,PIONEER FLOAT GLASS MANUFACTURING INC.,03272@mailinator.com,3272,3272,200000,MANILA,PASIG,-,2-Jan-20
1330,NTMC,C13008,H & E MANUFACTURING CORPORATION,01705@mailinator.com,1705,1705,0,MANILA,CABUYAO,REGULAR,2-Jan-20
1331,NTMC,C13009,"ORICA PHILIPPINES, INC.",03127@mailinator.com,3127,3127,0,MANILA,BALANGA,REGULAR,2-Jan-20
1332,NTMC,C13010,RHAJTEK-LINO INTERNATIONAL CORP.,03540@mailinator.com,3540,3540,0,MANILA,QUEZON CITY,REGULAR,2-Jan-20
1333,NTMC,C13011,MILLENIUM TOOLINGS AND FABRICATION SERVICES,02800@mailinator.com,2800,2800,0,MANILA,CALAMBA,REGULAR,2-Jan-20
1334,NTMC,C13012,ADVANCE SECURITY AND DETECTION SYSTEM INC.,00150@mailinator.com,150,150,0,MANILA,SAN JUAN,-,2-Jan-20
1335,NTMC,C13013,"PMFTC, INC.",03296@mailinator.com,3296,3296,0,MANILA,PAGSANJAN,REGULAR,2-Jan-20
1336,NTMC,C13014,INFINITY PLASTIC PACKAGING CONCEPTS INC.,01850@mailinator.com,1850,1850,0,MANILA,MALABON,-,2-Jan-20
1337,NTMC,C13015,INVICTUS FOOD PRODUCT CORP.,01871@mailinator.com,1871,1871,0,MANILA,SAN FERNANDO,REGULAR,2-Jan-20
1338,NTMC,C13016,ARKEYTRICKS ARCHITECTURAL DESIGN,00356@mailinator.com,356,356,0,MANILA,RIZAL,-,2-Jan-20
1339,NTMC,C12996A,"SN ABOITIZ POWER-MAGAT, INC.",03945@mailinator.com,3945,3945,0,MANILA,RAMON,REGULAR,2-Jan-20
1340,NTMC,C12997,"GEMPHIL ELECTRONICS ASSEMBLIES, INC.",01552@mailinator.com,1552,1552,500000,MANILA,CABUYAO,REGULAR,2-Jan-20
1341,NTMC,C12998,LSS HEAVY EQUIPMENT PARTS AND SERVICES,02531@mailinator.com,2531,2531,0,MANILA,CALOOCAN,-,2-Jan-20
1342,NTMC,C12999,CONTINENTAL LEAF TOBACCO (PHIL.) INC,00906@mailinator.com,906,906,300000,MANILA,ORIENTAL MINDORO,REGULAR,2-Jan-20
1343,NTMC,C13000,JES TRADING AND SERVICES,02067@mailinator.com,2067,2067,0,CEBU,LAPULAPU CITY,-,2-Jan-20
1344,NTMC,C13001,PLASTIC WOOD VINYL CORPORATION,03287@mailinator.com,3287,3287,0,MANILA,QUEZON CITY,-,2-Jan-20
1345,NTMC,C13002,COROMANO MARKETING,00910@mailinator.com,910,910,0,MANILA,MALABON,-,2-Jan-20
1346,NTMC,C13003,MARINE FUELS PHILS. INC.,02650@mailinator.com,2650,2650,0,MANILA,MANILA,REGULAR,2-Jan-20
1347,NTMC,C13004,"DRAGON ASIA ROLLING MILLS, INC.",01132@mailinator.com,1132,1132,0,MANILA,VALENZUELA,-,2-Jan-20
1348,NTMC,C13005,OROPHIL SHIPMANAGEMENT CORPORATION,03138@mailinator.com,3138,3138,3000000,MANILA,MANILA,REGULAR,2-Jan-20
1349,NTMC,C13006,FCF MINERALS CORPORATION,01392@mailinator.com,1392,1392,0,MANILA,MU?Z,REGULAR,2-Jan-20
1350,NTMC,C12986,DIRECT CONSUMER MARKETING INC.,01090@mailinator.com,1090,1090,0,MANILA,MANDALUYONG,-,2-Jan-20
1351,NTMC,C12988,NEW HOPE CENTRAL LUZON AGRICULTURE INC.,03001@mailinator.com,3001,3001,0,MANILA,SAN FERNANDO,REGULAR,2-Jan-20
1352,NTMC,C12989,JJF BUILDERS & SUPPLY,02116@mailinator.com,2116,2116,0,BOHOL,TAGBILARAN CITY,REGULAR,2-Jan-20
1353,NTMC,C12990,CHONG HUA HOSPITAL,00819@mailinator.com,819,819,100000,CEBU,CEBU CITY,REGULAR,2-Jan-20
1354,NTMC,C12991,BLUESTEEL INDUSTRIES INC.,00576@mailinator.com,576,576,0,MANILA,QUEZON CITY,-,2-Jan-20
1355,NTMC,C12992,SOLMAC MARKETING INC.,03960@mailinator.com,3960,3960,0,MANILA,QUEZON CITY,REGULAR,2-Jan-20
1356,NTMC,C12993,MC BRIDE CORPORATION,02705@mailinator.com,2705,2705,300000,MANILA,MALABON,REGULAR,2-Jan-20
1357,NTMC,C12994,"CLARC FEEDMILL, INC.",00857@mailinator.com,857,857,800000,MANILA,HAGONOY,REGULAR,2-Jan-20
1358,NTMC,C12995,MOTORKID MOTORCYCLE PARTS,02878@mailinator.com,2878,2878,60000,ILOILO,ILOILO CITY,REGULAR,2-Jan-20
1359,NTMC,C12996,"SN ABOITIZ POWER-BENGUET, INC.",03944@mailinator.com,3944,3944,2000000,MANILA,DAGUPAN,REGULAR,2-Jan-20
1360,NTMC,C12971,BESTANK MANUFACTURING CORPORATION,00530@mailinator.com,530,530,0,MANILA,VALENZUELA,-,2-Jan-20
1361,NTMC,C12973,ROCHEM TRADING,03639@mailinator.com,3639,3639,0,MANILA,MANILA,-,2-Jan-20
1362,NTMC,C12974,"ONNIGI PHILIPPINES, INC.",03120@mailinator.com,3120,3120,0,CEBU,LAPULAPU CITY,-,2-Jan-20
1363,NTMC,C12976,MARK CYCLE PART,02659@mailinator.com,2659,2659,0,BOHOL,BOHOL PROVINCE,-,2-Jan-20
1364,NTMC,C12977,"MULTICO PRIME POWER, INC.",02910@mailinator.com,2910,2910,400000,MANILA,CALAMBA,REGULAR,2-Jan-20
1365,NTMC,C12979,SAN ANTONIO MARKETING ENTERPRISES INC.,03804@mailinator.com,3804,3804,0,MANILA,LAS PINAS,-,2-Jan-20
1366,NTMC,C12981,TONY TIU,04214@mailinator.com,4214,4214,0,CEBU,CEBU CITY,-,2-Jan-20
1367,NTMC,C12983,TRUVICOM INC.,04283@mailinator.com,4283,4283,0,CEBU,CEBU SOUTH,-,2-Jan-20
1368,NTMC,C12984,"STEEL CENTRE PHILS., INC.",04024@mailinator.com,4024,4024,0,MANILA,PASIG,REGULAR,2-Jan-20
1369,NTMC,C12985,4B CONSTRUCTION CORPORATION,00044@mailinator.com,44,44,0,MANILA,SAN FERNANDO,REGULAR,2-Jan-20
1370,NTMC,C12975,ORMOC LIBERTY MARKETING,03133@mailinator.com,3133,3133,0,TACLOBAN,ORMOC CITY,REGULAR,2-Jan-20
1371,NTMC,C12964,MONTINA ENTERPRISES,02845@mailinator.com,2845,2845,0,MANILA,PAMPANGA,-,2-Jan-20
1372,NTMC,C12965,JG SUMMIT OLEFINS CORPORATION,02084@mailinator.com,2084,2084,1500000,MANILA,BATANGAS,REGULAR,2-Jan-20
1373,NTMC,C12965A,UNIVERSAL ROBINA CORPORATION,04329@mailinator.com,4329,4329,1000000,MANILA,CALAMBA,REGULAR,2-Jan-20
1374,NTMC,C12965B,JG SUMMIT PETROCHEMICAL CORPORATION,02085@mailinator.com,2085,2085,0,MANILA,BATANGAS,REGULAR,2-Jan-20
1375,NTMC,C12966,CARL NICK MOTORPARTS,00699@mailinator.com,699,699,0,BOHOL,BOHOL PROVINCE,-,2-Jan-20
1376,NTMC,C12967,CALUMANGAN RICE MILL/ FARM WORLD INC.,00677@mailinator.com,677,677,0,BACOLOD,BACOLOD CITY,REGULAR,2-Jan-20
1377,NTMC,C12968,MARS INDUSTRIAL SUPPLY & ENGINEERING SERVICES,02670@mailinator.com,2670,2670,0,MANILA,PAMPANGA,-,2-Jan-20
1378,NTMC,C12969,STYROTECH CORPORATION,04040@mailinator.com,4040,4040,300000,MANILA,SAN FERNANDO,REGULAR,2-Jan-20
1379,NTMC,C12969A,STC VIGOUR PACKAGING PHILIPPINES,04023@mailinator.com,4023,4023,0,MANILA,SAN FERNANDO,REGULAR,2-Jan-20
1380,NTMC,C12970,CARL TECH GAS STATION,00700@mailinator.com,700,700,0,BOHOL,BOHOL PROVINCE,-,2-Jan-20
1381,NTMC,C12953A,ALPHATECH DEVELOPMENT CORPORATION,00250@mailinator.com,250,250,300000,MANILA,MEYCAUAYAN,REGULAR,2-Jan-20
1382,NTMC,C12953B,PLASTIMER INDUSTRIAL CORPORATION,03290@mailinator.com,3290,3290,0,MANILA,BULACAN,-,2-Jan-20
1383,NTMC,C12954,PNEUMATIC AND MECHANICAL SERVICES INC.,03299@mailinator.com,3299,3299,0,MANILA,MUNTINLUPA,REGULAR,2-Jan-20
1384,NTMC,C12955,DUNLOP INTERNATIONAL PHILIPPINES INC.,01155@mailinator.com,1155,1155,500000,MANILA,BALANGA,REGULAR,2-Jan-20
1385,NTMC,C12956,"CENTURY PACIFIC FOOD, INC.",00785@mailinator.com,785,785,800000,MANILA,BI?N,REGULAR,2-Jan-20
1386,NTMC,C12957,HIGH BEAM CAR CARE (RAPIDE TALISAY),01755@mailinator.com,1755,1755,80000,CEBU,CEBU CITY,REGULAR,2-Jan-20
1387,NTMC,C12958,PNX - CHELSEA SHIPPING CORP.,03301@mailinator.com,3301,3301,0,MANILA,TAGUIG,-,2-Jan-20
1388,NTMC,C12959,SPT [PHIL.] CLARK CORPORATION,04003@mailinator.com,4003,4003,400000,MANILA,ROSA,REGULAR,2-Jan-20
1389,NTMC,C12961,CHEC CONSTRUCTION (PHILS.) CORPORATION,00805@mailinator.com,805,805,0,MANILA,BATANGAS,REGULAR,2-Jan-20
1390,NTMC,C12962,MALLERS INVESTMENTS CORPORATION,02608@mailinator.com,2608,2608,0,MANILA,QUEZON CITY,REGULAR,2-Jan-20
1391,NTMC,C12963,LCSL TRADING,02456@mailinator.com,2456,2456,0,MANILA,QUEZON CITY,REGULAR,2-Jan-20
1392,NTMC,C12952,ISABELA BIOMASS ENERGY CORPORATION,01882@mailinator.com,1882,1882,500000,MANILA,ANTIPOLO,REGULAR,2-Jan-20
1393,NTMC,C12949,SOFT TOUCH DEVELOPMENT CORPORATION,03947@mailinator.com,3947,3947,500000,MANILA,VALENZUELA,REGULAR,2-Jan-20
1394,NTMC,C12942,GIGAMARE INC.,01584@mailinator.com,1584,1584,0,MANILA,TAGUIG,REGULAR,2-Jan-20
1395,NTMC,C12944,YOSHITA CORPORATION,04520@mailinator.com,4520,4520,400000,MANILA,MANDALUYONG,REGULAR,2-Jan-20
1396,NTMC,C12945,GNQ INDUSTRIAL & CONTRACTING CORP.,01623@mailinator.com,1623,1623,1600000,MANILA,PARANAQUE,REGULAR,2-Jan-20
1397,NTMC,C12946,LARK SEIMITSU ENTERPRISES,02442@mailinator.com,2442,2442,0,MANILA,LAGUNA,-,2-Jan-20
1398,NTMC,C12947,3K SPEEDZONE,00034@mailinator.com,34,34,0,ILOILO,ILOILO CENTRAL,-,2-Jan-20
1399,NTMC,C12948,ABATAYO'S ENTERPRISES,00102@mailinator.com,102,102,70000,CEBU,CEBU CITY,REGULAR,2-Jan-20
1400,NTMC,C12950,RP MASTERBRAKE MOTORYCLE PARTS,03707@mailinator.com,3707,3707,100000,TACLOBAN,TACLOBAN CITY,REGULAR,2-Jan-20
1401,NTMC,C12951,CALAMBA SHINEI INDUSTRY PHILIPPINES CORPORATION,00670@mailinator.com,670,670,0,MANILA,CALAMBA,REGULAR,2-Jan-20
1402,NTMC,C12953,PLASTECH INDUSTRIAL CORPORATION,03285@mailinator.com,3285,3285,500000,MANILA,MEYCAUAYAN,REGULAR,2-Jan-20
1403,NTMC,C12934,OCCE? TRAVEL AND TOURS,03091@mailinator.com,3091,3091,50000,BACOLOD,BACOLOD CITY,REGULAR,2-Jan-20
1404,NTMC,C12931,SOLID SEAVENTURES INC.,03957@mailinator.com,3957,3957,250000,MANILA,SAN JUAN,REGULAR,2-Jan-20
1405,NTMC,C12932,TOA KIKO CEBU CORPORATION,04203@mailinator.com,4203,4203,0,CEBU,LAPULAPU CITY,REGULAR,2-Jan-20
1406,NTMC,C12933,MESCO INC.,02751@mailinator.com,2751,2751,200000,MANILA,PASIG,REGULAR,2-Jan-20
1407,NTMC,C12935,"ANGLO WATSONS GLASS, INC.",00299@mailinator.com,299,299,800000,MANILA,QUEZON CITY,-,2-Jan-20
1408,NTMC,C12936,RAINEHANS TRADING,03429@mailinator.com,3429,3429,0,MANILA,QUEZON CITY,REGULAR,2-Jan-20
1409,NTMC,C12937,ED LATINO,01202@mailinator.com,1202,1202,0,CEBU,CEBU CITY,-,2-Jan-20
1410,NTMC,C12938,JFS PRECISION TECHNOLOGY CORPORATION,02082@mailinator.com,2082,2082,0,MANILA,PANIQUI,REGULAR,2-Jan-20
1411,NTMC,C12939,CIRCLE 8 MOTORS TRADING,00835@mailinator.com,835,835,0,CEBU,MANDAUE CITY,REGULAR,2-Jan-20
1412,NTMC,C12940,DAITOH PRECISIONS INCORPORATED,00987@mailinator.com,987,987,150000,CEBU,LAPULAPU CITY,REGULAR,2-Jan-20
1413,NTMC,C12941,ROMEL RENDON,03667@mailinator.com,3667,3667,0,ILOILO,ILOILO CITY,-,2-Jan-20
1414,NTMC,C12919,TAYABAS LIME INDUSTRIES,04122@mailinator.com,4122,4122,300000,MANILA,SAN LEONARDO,REGULAR,2-Jan-20
1415,NTMC,C12916,RMC MOTORPARTS & SERVICES,03610@mailinator.com,3610,3610,0,BOHOL,TAGBILARAN CITY,REGULAR,2-Jan-20
1416,NTMC,C12917,PHILIPPINES DONG YUN PLATE MAKING CORPORATION,03257@mailinator.com,3257,3257,1200000,MANILA,CALAMBA,REGULAR,2-Jan-20
1417,NTMC,C12918,SLP ENTERPRISES,03934@mailinator.com,3934,3934,200000,BOHOL,TAGBILARAN CITY,REGULAR,2-Jan-20
1418,NTMC,C12920,"COCA-COLA BEVERAGES PHILIPPINES, INC. - MANILA",00881@mailinator.com,881,881,1500000,MANILA,MAKATI,REGULAR,2-Jan-20
1419,NTMC,C12922,SMC CONSOLIDATED POWER CORPORATION,03940@mailinator.com,3940,3940,2000000,MANILA,GUIMBA,REGULAR,2-Jan-20
1420,NTMC,C12923,JA ACHACOSO ENTERPRISES & GENERAL SERVICES,01941@mailinator.com,1941,1941,200000,TACLOBAN,ORMOC CITY,REGULAR,2-Jan-20
1421,NTMC,C12926,PARAMOUNT MARKETING,03187@mailinator.com,3187,3187,600000,MANILA,HAGONOY,REGULAR,2-Jan-20
1422,NTMC,C12927,NISSIN PRECISION PHILIPPINES CORPORATION,03037@mailinator.com,3037,3037,700000,MANILA,PAGSANJAN,REGULAR,2-Jan-20
1423,NTMC,C12929,"F. TECH PHILIPPINES MFG., INC.",01360@mailinator.com,1360,1360,1000000,MANILA,BI?N,REGULAR,2-Jan-20
1424,NTMC,C12930,ASIA BREWERY INC.,00384@mailinator.com,384,384,1500000,MANILA,CABUYAO,REGULAR,2-Jan-20
1425,NTMC,C12921,GREEN FUTURE INNOVATIONS INC.,01673@mailinator.com,1673,1673,2800000,MANILA,NAGA,REGULAR,2-Jan-20
1426,NTMC,C12892,TAIHAN PRECISION TECHNOLOGY (PHILS.) CO. INC.,04102@mailinator.com,4102,4102,600000,MANILA,HAGONOY,REGULAR,2-Jan-20
1427,NTMC,C12896,LIGHT RAIL MANILA CORPORATION,02495@mailinator.com,2495,2495,1500000,MANILA,PARANAQUE,REGULAR,2-Jan-20
1428,NTMC,C12899,GELTECH METAL AND ENGINEERING SERVICES,01549@mailinator.com,1549,1549,0,MANILA,PAGSANJAN,REGULAR,2-Jan-20
1429,NTMC,C12900,SOLIDHUB ENTERPRISES INC.,03959@mailinator.com,3959,3959,0,MANILA,BULACAN,-,2-Jan-20
1430,NTMC,C12902,ADVANCED MOLDING COMPANY INC.,00151@mailinator.com,151,151,400000,MANILA,BI?N,REGULAR,2-Jan-20
1431,NTMC,C12903,NEW IVEX MACHINERY CORPORATION,03005@mailinator.com,3005,3005,500000,MANILA,QUEZON CITY,REGULAR,2-Jan-20
1432,NTMC,C12906,FVC PHILIPPINES INC.,01491@mailinator.com,1491,1491,300000,MANILA,NORZAGARAY,REGULAR,2-Jan-20
1433,NTMC,C12907,M & E FAMILY REALTY DEVELOPMENT CORP/ PITAN DEVELOPMENT CORP,02547@mailinator.com,2547,2547,500000,CEBU,TALISAY CITY,-,2-Jan-20
1434,NTMC,C12910,WELGRO PHILS. INC.,04434@mailinator.com,4434,4434,600000,MANILA,PAGSANJAN,REGULAR,2-Jan-20
1435,NTMC,C12911,UNIVERSAL LEAF PHILIPPINES INC.,04328@mailinator.com,4328,4328,1000000,MANILA,SAN FERNANDO,REGULAR,2-Jan-20
1436,NTMC,C12912,"BELTONTOTOKU PHILIPPINES, INC.",00511@mailinator.com,511,511,300000,MANILA,CALAMBA,REGULAR,2-Jan-20
1437,NTMC,C12913,"TREVI FOUNDATIONS PHILIPPINES, INC.",04262@mailinator.com,4262,4262,0,MANILA,MAKATI,REGULAR,2-Jan-20
1438,NTMC,C12913A,"TREVI FOUNDATIONS PHILIPPINES, INC.",04263@mailinator.com,4263,4263,0,CEBU,CEBU CITY,-,2-Jan-20
1439,NTMC,C12869,SOHBI KOHGEI PHILS. INC.,03948@mailinator.com,3948,3948,500000,MANILA,HAGONOY,REGULAR,2-Jan-20
1440,NTMC,C12871,EAST STACKER PHILIPPINES CORPORATION,01187@mailinator.com,1187,1187,0,MANILA,SANTA CRUZ,REGULAR,2-Jan-20
1441,NTMC,C12874,UNIQUO ENTERPRISES,04319@mailinator.com,4319,4319,0,MANILA,LAS PINAS,REGULAR,2-Jan-20
1442,NTMC,C12879,KEPPEL PHILIPPINES MARINE INC.,02343@mailinator.com,2343,2343,2000000,MANILA,BAUAN,REGULAR,2-Jan-20
1443,NTMC,C12879A,"KEPPEL SUBIC SHIPYARD, INC.",02344@mailinator.com,2344,2344,0,MANILA,RODRIGUEZ,REGULAR,2-Jan-20
1444,NTMC,C12880,LV TRANSPORT SERVICES,02542@mailinator.com,2542,2542,100000,BOHOL,BOHOL PROVINCE,-,2-Jan-20
1445,NTMC,C12882,SEASIA NECTAR PORT SERVICES INC.,03859@mailinator.com,3859,3859,300000,MANILA,MARIVELES,REGULAR,2-Jan-20
1446,NTMC,C12884,FUJI PLASTIC INDUSTRY PHILS. INC.,01485@mailinator.com,1485,1485,250000,MANILA,SAN FERNANDO,REGULAR,2-Jan-20
1447,NTMC,C12886,SUPERSTAR FIVE GRAINS CENTER,04072@mailinator.com,4072,4072,400000,MANILA,ANTIPOLO,REGULAR,2-Jan-20
1448,NTMC,C12889,METALS ENGINEERING RESOURCES CORPORATION,02754@mailinator.com,2754,2754,500000,MANILA,PAGSANJAN,REGULAR,2-Jan-20
1449,NTMC,C12891,AGRIPACIFIC CORPORATION,00173@mailinator.com,173,173,1000000,MANILA,SAN JOSE DEL MONTE,REGULAR,2-Jan-20
1450,NTMC,C12881,DURA-POLES INC.,01156@mailinator.com,1156,1156,0,MANILA,MEYCAUAYAN,REGULAR,2-Jan-20
1451,NTMC,C12853A,THE BABCOCK & WILCOX COMPANY,04156@mailinator.com,4156,4156,0,MANILA,ZAMBALES,-,2-Jan-20
1452,NTMC,C12854,UNIFIED NORTH FEED MILLERS CORPORATION,04315@mailinator.com,4315,4315,0,MANILA,ANTIPOLO,REGULAR,2-Jan-20
1453,NTMC,C12857,BOB RATTLE CAR CARE & SERVICES,00583@mailinator.com,583,583,0,DUMAGUETE,DUMAGUETE CITY,REGULAR,2-Jan-20
1454,NTMC,C12858,LIVEWIRES ENTERPRISES,02507@mailinator.com,2507,2507,0,MANILA,BI?N,REGULAR,2-Jan-20
1455,NTMC,C12860,DELTA P. INC.,01043@mailinator.com,1043,1043,6500000,MANILA,TAGUIG,REGULAR,2-Jan-20
1456,NTMC,C12861,GARDENIA BAKERIES (PHILS.) INC.,01516@mailinator.com,1516,1516,0,MANILA,BI?N,REGULAR,2-Jan-20
1457,NTMC,C12861A,VITABREAD FOOD PRODUCTS INC.,04398@mailinator.com,4398,4398,0,MANILA,BI?N,REGULAR,2-Jan-20
1458,NTMC,C12862,MATRIX MECHATRONIX TECHNOLOGY (PHIL.) CORPORATION,02685@mailinator.com,2685,2685,0,MANILA,CAVITE,-,2-Jan-20
1459,NTMC,C12864,GRACE SHU ABACARO,01663@mailinator.com,1663,1663,0,ILOILO,ILOILO CITY,-,2-Jan-20
1460,NTMC,C12865,ETHICA MOTORPARTS,01320@mailinator.com,1320,1320,0,TACLOBAN,TACLOBAN CITY,-,2-Jan-20
1461,NTMC,C12866,JAMES LEE CABAHUG,01963@mailinator.com,1963,1963,0,CEBU,CEBU CITY,-,2-Jan-20
1462,NTMC,C12867A,HASTING MOTOR CORPORATION,01724@mailinator.com,1724,1724,1000000,MANILA,PASAY,REGULAR,2-Jan-20
1463,NTMC,C12851,"NEW HOPE BULACAN AGRICULTURE, INC.",03000@mailinator.com,3000,3000,300000,MANILA,PULILAN,REGULAR,2-Jan-20
1464,NTMC,C12846,LITTELFUSE PHILS. INC.,02506@mailinator.com,2506,2506,800000,MANILA,HAGONOY,REGULAR,2-Jan-20
1465,NTMC,C12840,"HDN TECHNOLOGY AND RESOURCES, INC.",01732@mailinator.com,1732,1732,300000,MANILA,PASAY,REGULAR,2-Jan-20
1466,NTMC,C12841,NAKASHIMA PHILIPPINES CORPORATION,02935@mailinator.com,2935,2935,2500000,MANILA,ROSARIO,REGULAR,2-Jan-20
1467,NTMC,C12844,MDJ-AMP ENTERPRISE,02715@mailinator.com,2715,2715,0,MANILA,QUEZON CITY,REGULAR,2-Jan-20
1468,NTMC,C12845,THE FAB GROUP INC.,04158@mailinator.com,4158,4158,0,MANILA,LAS PINAS,REGULAR,2-Jan-20
1469,NTMC,C12847,H M W S INC.,01706@mailinator.com,1706,1706,0,MANILA,ROSA,REGULAR,2-Jan-20
1470,NTMC,C12851A,NEW HOPE ISABELA AGRICULTURE INC.,03002@mailinator.com,3002,3002,0,MANILA,PILA,REGULAR,2-Jan-20
1471,NTMC,C12851B,"NEW HOPE TARLAC AGRICULTURE, INC.",03003@mailinator.com,3003,3003,400000,MANILA,TARLAC,REGULAR,2-Jan-20
1472,NTMC,C12852,PILMICO ANIMAL NUTRITION CORPORATION,03268@mailinator.com,3268,3268,800000,MANILA,PANGIL,REGULAR,2-Jan-20
1473,NTMC,C12853,THE BABCOCK & WILCOX COMPANY,04155@mailinator.com,4155,4155,0,MANILA,ZAMBALES,-,2-Jan-20
1474,NTMC,C12812A,GREEN INNOVATIONS FOR TOMORROW CORP.,01674@mailinator.com,1674,1674,0,MANILA,SAN FERNANDO,REGULAR,2-Jan-20
1475,NTMC,C12816,"EVERGOOD PLASTIC INDUSTRY, INC.",01337@mailinator.com,1337,1337,800000,MANILA,MEYCAUAYAN,REGULAR,2-Jan-20
1476,NTMC,C12818,HOLCIM PHILIPPINES INC.,01779@mailinator.com,1779,1779,1000000,MANILA,ORIENTAL MINDORO,REGULAR,2-Jan-20
1477,NTMC,C12819,"SEAPAC PHILIPPINES, INC.",03858@mailinator.com,3858,3858,500000,MANILA,TAGUIG,REGULAR,2-Jan-20
1478,NTMC,C12821,INGO MANUFACTURING PHILIPPINES INC.,01852@mailinator.com,1852,1852,800000,MANILA,ROSARIO,REGULAR,2-Jan-20
1479,NTMC,C12824,CEBU UNITED POLYMER CORP.,00762@mailinator.com,762,762,0,CEBU,MANDAUE CITY,REGULAR,2-Jan-20
1480,NTMC,C12828A,LEGASPI OIL COMPANY INC.,02467@mailinator.com,2467,2467,0,MANILA,GENERAL TRIAS,REGULAR,2-Jan-20
1481,NTMC,C12834,FAST SERVICES CORPORATION,01381@mailinator.com,1381,1381,0,CEBU,MANDAUE CITY,-,2-Jan-20
1482,NTMC,C12835,SAJA CONSTRUCTION SUPPLY,03782@mailinator.com,3782,3782,0,DUMAGUETE,DUMAGUETE CITY,REGULAR,2-Jan-20
1483,NTMC,C12839,D & L POLYMER & COLOURS INC.,00963@mailinator.com,963,963,400000,MANILA,CALAMBA,REGULAR,2-Jan-20
1484,NTMC,C12810,3JS INTEGRATED FARM,00032@mailinator.com,32,32,50000,BACOLOD,SAGAY CITY,REGULAR,2-Jan-20
1485,NTMC,C12796,PROVERA NUTRITIONAL SOLUTIONS CORPORATION,03357@mailinator.com,3357,3357,200000,CEBU,NAGA,REGULAR,2-Jan-20
1486,NTMC,C12796A,MAPLE RIDGE BUSINESS TRADING CORP.,02632@mailinator.com,2632,2632,0,CEBU,TALISAY CITY,REGULAR,2-Jan-20
1487,NTMC,C12796B,PINNACLE POULTRY AND LIVESTOCK INC.,03271@mailinator.com,3271,3271,0,CEBU,TALISAY CITY,REGULAR,2-Jan-20
1488,NTMC,C12797,RD21 METAL CRAFT,03476@mailinator.com,3476,3476,500000,MANILA,CALAMBA,REGULAR,2-Jan-20
1489,NTMC,C12802,"NSIS INDUSTRIAL SALES AND SERVICES, INC.",03077@mailinator.com,3077,3077,0,MANILA,NORZAGARAY,REGULAR,2-Jan-20
1490,NTMC,C12804,GENERAL METAL CONTAINER CORPORATION OF THE PHILIPPINES,01559@mailinator.com,1559,1559,500000,MANILA,QUEZON CITY,REGULAR,2-Jan-20
1491,NTMC,C12806,"QUEST EXPLORATION DRILLING (PHILIPPINES), INC.",03381@mailinator.com,3381,3381,1200000,MANILA,NORZAGARAY,REGULAR,2-Jan-20
1492,NTMC,C12808,MAXSTEEL RESOURCES INC.,02694@mailinator.com,2694,2694,0,MANILA,VALENZUELA,REGULAR,2-Jan-20
1493,NTMC,C12812,OLIVER ENTERPRISES,03107@mailinator.com,3107,3107,300000,MANILA,SAN FERNANDO,REGULAR,2-Jan-20
1494,NTMC,C12782,SMS TYRE DEPOT,03943@mailinator.com,3943,3943,5000000,MANILA,LAGUNA,-,2-Jan-20
1495,NTMC,C12783,A-TECH PLUS AUTOMOTIVE SERVICES,00400@mailinator.com,400,400,0,MANILA,CALAMBA,REGULAR,2-Jan-20
1496,NTMC,C12784,RMG PLUTUS ENTERPRISES INC.,03611@mailinator.com,3611,3611,0,MANILA,MAUBAN,REGULAR,2-Jan-20
1497,NTMC,C12785,CLARK METAL PRECISION TECHNOLOGY INC.,00860@mailinator.com,860,860,0,MANILA,ROSA,REGULAR,2-Jan-20
1498,NTMC,C12787,CLE AUTO SUPPLY MARKETING,00865@mailinator.com,865,865,200000,ILOILO,ILOILO CITY,REGULAR,2-Jan-20
1499,NTMC,C12789,LDP FARMS FOOD CORPORATION,02460@mailinator.com,2460,2460,0,MANILA,ROSARIO,REGULAR,2-Jan-20
1500,NTMC,C12791,FIX N' SAVE TRADING,01439@mailinator.com,1439,1439,20000,BOHOL,BOHOL PROVINCE,-,2-Jan-20
1501,NTMC,C12792,RCM TRUCKING SERVICES,03471@mailinator.com,3471,3471,100000,ILOILO,ILOILO CITY,REGULAR,2-Jan-20
1502,NTMC,C12793,CAM MECHATRONIC (PHILIPPINES) INC.,00681@mailinator.com,681,681,0,MANILA,ILAGAN,REGULAR,2-Jan-20
1503,NTMC,C12794,QUEZON POWER (PHILIPPINES) LIMITED COMPANY,03382@mailinator.com,3382,3382,2000000,MANILA,MAUBAN,REGULAR,2-Jan-20
1504,NTMC,C12794A,"SAN BUENAVENTURA POWER LTD., CO.",03805@mailinator.com,3805,3805,0,MANILA,MAUBAN,REGULAR,2-Jan-20
1505,NTMC,C12781,SOUTH TIRE CENTRAL,03973@mailinator.com,3973,3973,2000000,MANILA,CALAMBA,REGULAR,2-Jan-20
1506,NTMC,C12765,CLIFFORD CONSTRUCTION CORPORATION,00869@mailinator.com,869,869,100000,ILOILO,ILOILO CITY,REGULAR,2-Jan-20
1507,NTMC,C12755,MANUFACTURING SERVICES AND TRADE CORPORATION,02630@mailinator.com,2630,2630,0,MANILA,PASIG,REGULAR,2-Jan-20
1508,NTMC,C12759,GDSM MARKETING,01537@mailinator.com,1537,1537,0,CEBU,CEBU CITY,REGULAR,2-Jan-20
1509,NTMC,C12763,"ARCHITECKS METAL SYSTEMS, INC",00338@mailinator.com,338,338,300000,MANILA,QUEZON CITY,REGULAR,2-Jan-20
1510,NTMC,C12770,EDNA MESINA,01211@mailinator.com,1211,1211,0,MANILA,ISABELA,-,2-Jan-20
1511,NTMC,C12773,YAHWEH AUTO SUPPLY AND MOTOR PARTS,04499@mailinator.com,4499,4499,0,BACOLOD,SAGAY CITY,REGULAR,2-Jan-20
1512,NTMC,C12776,COLORSTEEL SYSTEMS CORPORATION,00890@mailinator.com,890,890,200000,MANILA,SAN FERNANDO,REGULAR,2-Jan-20
1513,NTMC,C12777,SD AUTOWORLD,03853@mailinator.com,3853,3853,300000,CEBU,CEBU CITY,REGULAR,2-Jan-20
1514,NTMC,C12780,E.B. HABANA TRADING & SERVICES,01168@mailinator.com,1168,1168,800000,MANILA,LAGUNA,REGULAR,2-Jan-20
1515,NTMC,C12779,"RONEL MARKETING, INC.",036811@mailinator.com,3681,3681,2000000,MANILA,IFUGAO,REGULAR,2-Jan-20
1516,NTMC,C12737,ACAMADA BUILDERS & CONSTRUCTION SUPPLY,00113@mailinator.com,113,113,100000,ILOILO,ILOILO CITY,REGULAR,2-Jan-20
1517,NTMC,C12720,PANGLAO ISLAND TOURIST COOPERATIVE,03178@mailinator.com,3178,3178,0,BOHOL,BOHOL PROVINCE,-,2-Jan-20
1518,NTMC,C12724,BRIGHTON MACHINERY CORPORATION,00622@mailinator.com,622,622,750000,MANILA,PARANAQUE,REGULAR,2-Jan-20
1519,NTMC,C12724A,BRIGHTON MANCHINERY CORP. - CEBU,00623@mailinator.com,623,623,0,CEBU,CEBU SOUTH,-,2-Jan-20
1520,NTMC,C12731,"WELLTECH PULP MOLDER PRODUCTS, INC.",04438@mailinator.com,4438,4438,0,CEBU,MANDAUE CITY,REGULAR,2-Jan-20
1521,NTMC,C12732,"TEMIC AUTOMOTIVE (PHILS.), INC.",04143@mailinator.com,4143,4143,800000,MANILA,TAGUIG,REGULAR,2-Jan-20
1522,NTMC,C12734,ORIENTAL TIN CAN AND METAL SHEET MFG.,03129@mailinator.com,3129,3129,500000,MANILA,QUEZON CITY,-,2-Jan-20
1523,NTMC,C12746,AP RENEWABLES INC.,00317@mailinator.com,317,317,2000000,MANILA,ALBAY,REGULAR,2-Jan-20
1524,NTMC,C12752,UNOCHEM ENTERPRISES,04332@mailinator.com,4332,4332,100000,MANILA,QUEZON CITY,REGULAR,2-Jan-20
1525,NTMC,C12698,AMCOR SPECIALTY CARTONS RIZAL CORP.,00273@mailinator.com,273,273,300000,MANILA,CAINTA,REGULAR,2-Jan-20
1526,NTMC,C12700,TECHNOL EIGHT PHILIPPINES CORPORATION,04132@mailinator.com,4132,4132,500000,MANILA,BI?N,REGULAR,2-Jan-20
1527,NTMC,C12702,ALPLA PHILIPPINES INC.,00252@mailinator.com,252,252,1000000,MANILA,BI?N,REGULAR,2-Jan-20
1528,NTMC,C12703A,OILSPRING MARKETING CORP,03101@mailinator.com,3101,3101,0,MANILA,SAN FERNANDO,REGULAR,2-Jan-20
1529,NTMC,C12705,GAYLAN TECHNOLOGIES,01519@mailinator.com,1519,1519,300000,MANILA,PASIG,-,2-Jan-20
1530,NTMC,C12705A,KAYA MACHINERIES & INDUSTRIAL SERVICES,02322@mailinator.com,2322,2322,0,MANILA,PASIG,REGULAR,2-Jan-20
1531,NTMC,C12706,ACCUPLAS INT'L CORPORATION,00117@mailinator.com,117,117,300000,MANILA,QUEZON CITY,REGULAR,2-Jan-20
1532,NTMC,C12706A,ASIAPACK PLAS MANUFACTURING CORP,00392@mailinator.com,392,392,0,MANILA,VALENZUELA,REGULAR,2-Jan-20
1533,NTMC,C12707,DAEDUCK PHILIPPINES INC.,00980@mailinator.com,980,980,1000000,MANILA,ROSARIO,REGULAR,2-Jan-20
1534,NTMC,C12709,"PARSH MARINE PHILIPPINES, INC.",03193@mailinator.com,3193,3193,0,MANILA,RODRIGUEZ,REGULAR,2-Jan-20
1535,NTMC,C12717,"MEGAMAN POWERTRADE, INC.",02728@mailinator.com,2728,2728,500000,MANILA,BULACAN,-,2-Jan-20
1536,NTMC,C12679,PLANET NINE TRADING,03281@mailinator.com,3281,3281,700000,TACLOBAN,CALBAYOG CITY,REGULAR,2-Jan-20
1537,NTMC,C12680,SHIMANO (PHILIPPINES) INC.,03891@mailinator.com,3891,3891,1000000,MANILA,PAGSANJAN,REGULAR,2-Jan-20
1538,NTMC,C12681,INCORA PHILIPPINES INC.,01843@mailinator.com,1843,1843,1500000,MANILA,BAGUIO,REGULAR,2-Jan-20
1539,NTMC,C12682,ROD'S QUALITY MOVERS AND DELIVERY SERVICES,03650@mailinator.com,3650,3650,150000,CEBU,MANDAUE CITY,REGULAR,2-Jan-20
1540,NTMC,C12683,SETH & SHEILA COMMERCIAL CORP.,03867@mailinator.com,3867,3867,20000,BOHOL,BOHOL PROVINCE,-,2-Jan-20
1541,NTMC,C12684,BP INDUSTRIAL SUPPLIES & SERVICES INC.,00616@mailinator.com,616,616,50000,CEBU,LAPULAPU CITY,REGULAR,2-Jan-20
1542,NTMC,C12686,GML MOTORPARTS,01620@mailinator.com,1620,1620,0,BOHOL,BOHOL PROVINCE,-,2-Jan-20
1543,NTMC,C12688,"JFE SHOJI STEEL PHILIPPINES, INC.",02080@mailinator.com,2080,2080,1200000,MANILA,PADRE GARCIA,REGULAR,2-Jan-20
1544,NTMC,C12693,MORGADO'S BIKE SHOP,02850@mailinator.com,2850,2850,80000,DUMAGUETE,DUMAGUETE CITY,-,2-Jan-20
1545,NTMC,C12694,SOHLAR ENTERPRISE INC.,03949@mailinator.com,3949,3949,150000,MANILA,BI?N,REGULAR,2-Jan-20
1546,NTMC,C12663,UNITED AUTOMART,04320@mailinator.com,4320,4320,0,CEBU,CEBU CITY,REGULAR,2-Jan-20
1547,NTMC,C12665,CBK POWER COMPANY LIMITED,00722@mailinator.com,722,722,1500000,MANILA,DASMARINAS,REGULAR,2-Jan-20
1548,NTMC,C12668,LD MOTORS,02457@mailinator.com,2457,2457,40000,ILOILO,ILOILO CITY,-,2-Jan-20
1549,NTMC,C12671,SMART PROBE INC.,03937@mailinator.com,3937,3937,1,MANILA,CALAMBA,REGULAR,2-Jan-20
1550,NTMC,C12672,JTEKT PHILIPPINES CORPORATION,02261@mailinator.com,2261,2261,1000000,MANILA,LA TRINIDAD,REGULAR,2-Jan-20
1551,NTMC,C12673,PHILIPPINES TRC INC.,03258@mailinator.com,3258,3258,1000000,MANILA,HAGONOY,REGULAR,2-Jan-20
1552,NTMC,C12675,WILDRED MARKETING,04455@mailinator.com,4455,4455,1,BOHOL,TAGBILARAN CITY,-,2-Jan-20
1553,NTMC,C12676,"PRESLINE STEEL PRODUCTS, INC.",03335@mailinator.com,3335,3335,600000,MANILA,TAGUIG,REGULAR,2-Jan-20
1554,NTMC,C12677,TOP SPIN MOTORCYCLE PARTS,04219@mailinator.com,4219,4219,0,BOHOL,TAGBILARAN CITY,REGULAR,2-Jan-20
1555,NTMC,C12678,CJ MOTOR PARTS,00848@mailinator.com,848,848,20000,ILOILO,ROXAS CITY,REGULAR,2-Jan-20
1556,NTMC,C12631,JARDINE SCHINDLER ELEVATOR CORPORATION,01981@mailinator.com,1981,1981,100000,CEBU,CEBU CITY,-,2-Jan-20
1557,NTMC,C12633,ENERPRO MARKETING INC.,01289@mailinator.com,1289,1289,400000,MANILA,MANILA,REGULAR,2-Jan-20
1558,NTMC,C12642,SAN MIGUEL YAMAMURA PACKAGING CORPORATION,03819@mailinator.com,3819,3819,1600000,MANILA,CALAMBA,REGULAR,2-Jan-20
1559,NTMC,C12643,ARGA COOL AUTO AIRCON SERVICES,00342@mailinator.com,342,342,120000,CEBU,CEBU CITY,REGULAR,2-Jan-20
1560,NTMC,C12646,V & N DIGITAL,04338@mailinator.com,4338,4338,0,ILOILO,ILOILO CITY,-,2-Jan-20
1561,NTMC,C12647,PAG-ASA STEEL WORKS INC.,03165@mailinator.com,3165,3165,4000000,MANILA,PASIG,REGULAR,2-Jan-20
1562,NTMC,C12650,ISABELA LA SUERTE RICE MILL CORPORATION,01883@mailinator.com,1883,1883,0,MANILA,AURORA,REGULAR,2-Jan-20
1563,NTMC,C12657,"KINGS QUALITY FOODS, INC.",02367@mailinator.com,2367,2367,200000,CEBU,MANDAUE CITY,REGULAR,2-Jan-20
1564,NTMC,C12658,BELLE ENTERPRISES,00510@mailinator.com,510,510,50000,TACLOBAN,PALOMPON,-,2-Jan-20
1565,NTMC,C12659,PUYAT STEEL CORPORATION,03369@mailinator.com,3369,3369,1800000,MANILA,ROSARIO,REGULAR,2-Jan-20
1566,NTMC,C12661,REDSILVER CONCEPTS TRADING,03494@mailinator.com,3494,3494,0,MANILA,QUEZON CITY,REGULAR,2-Jan-20
1567,NTMC,C12607,JESUS PIS-AN VILLALON,02073@mailinator.com,2073,2073,0,DUMAGUETE,DUMAGUETE CITY,-,2-Jan-20
1568,NTMC,C12609,RS AGRI-DEV'T.CORPORATION,03725@mailinator.com,3725,3725,0,MANILA,SAN FERNANDO,REGULAR,2-Jan-20
1569,NTMC,C12617,YTY DIGITAL PRINT CORP.,04524@mailinator.com,4524,4524,1,CEBU,MANDAUE CITY,REGULAR,2-Jan-20
1570,NTMC,C12618A,ROYALE COLD STORAGE INC.,03704@mailinator.com,3704,3704,600000,MANILA,RIZAL,-,2-Jan-20
1571,NTMC,C12620,NORTHWIND POWER DEV'T. CORP.,03069@mailinator.com,3069,3069,2000000,MANILA,MAGARAO,REGULAR,2-Jan-20
1572,NTMC,C12626,EMPERADOR DISTILLERS INC.,01279@mailinator.com,1279,1279,1500000,MANILA,PADRE GARCIA,REGULAR,2-Jan-20
1573,NTMC,C12627,ZEPHYR TISSUE PAPER PRODUCTS INC.,04543@mailinator.com,4543,4543,0,MANILA,LA TRINIDAD,REGULAR,2-Jan-20
1574,NTMC,C12628,DENNIS SALAAN,01050@mailinator.com,1050,1050,0,BOHOL,BOHOL PROVINCE,-,2-Jan-20
1575,NTMC,C12629,DAO GENERAL MERCHANDISE,00998@mailinator.com,998,998,0,BOHOL,TAGBILARAN CITY,REGULAR,2-Jan-20
1576,NTMC,C12624,MAINTENANCE ALTERNATIVE MACHINE SHOP,02600@mailinator.com,2600,2600,0,ILOILO,PASSI CITY,REGULAR,2-Jan-20
1577,NTMC,C12585,SYCAMORE INTERNATIONAL SHIPPING CORPORATION,04084@mailinator.com,4084,4084,0,MANILA,MAKATI,REGULAR,2-Jan-20
1578,NTMC,C12587,AERAS INDUSTRIAL MACHINE SERVICES,00155@mailinator.com,155,155,0,MANILA,NORZAGARAY,REGULAR,2-Jan-20
1579,NTMC,C12588,INDORAMA VENTURES PACKAGING (PHILIPPINES) CORP.,01844@mailinator.com,1844,1844,1000000,MANILA,CALAMBA,REGULAR,2-Jan-20
1580,NTMC,C12588A,INDORAMA VENTURES PACKAGING (PHILIPPINES) CORP.- BACOLOD,01845@mailinator.com,1845,1845,0,BACOLOD,BACOLOD CITY,REGULAR,2-Jan-20
1581,NTMC,C12591,MARINE-POWER INDUSTRY ASIA-PACIFIC CORP.,02651@mailinator.com,2651,2651,300000,MANILA,CALAMBA,REGULAR,2-Jan-20
1582,NTMC,C12594,RJCER ELECTRICAL SUPPLIES & SERVICES,03586@mailinator.com,3586,3586,350000,MANILA,PADRE GARCIA,REGULAR,2-Jan-20
1583,NTMC,C12597,DIONIL AMISTOSO,01086@mailinator.com,1086,1086,0,DUMAGUETE,DUMAGUETE CITY,-,2-Jan-20
1584,NTMC,C12598,HAUSLAND CONSTRUCTION,01726@mailinator.com,1726,1726,30000,BOHOL,TAGBILARAN CITY,-,2-Jan-20
1585,NTMC,C12599,INTERACTIVE DRILLING CORPORATION,01863@mailinator.com,1863,1863,0,MANILA,QUEZON CITY,-,2-Jan-20
1586,NTMC,C12604,NESTOR SALIM,02978@mailinator.com,2978,2978,15000,BOHOL,BOHOL PROVINCE,-,2-Jan-20
1587,NTMC,C12605,TOMAS CAR ACCESSORIES,04208@mailinator.com,4208,4208,300000,TACLOBAN,ORMOC CITY,REGULAR,2-Jan-20
1588,NTMC,C12553,"TECMESH MACHINERY, INC.",04135@mailinator.com,4135,4135,0,MANILA,MANILA,-,2-Jan-20
1589,NTMC,C12555,PAGBILAO ENERGY CORPORATION,03166@mailinator.com,3166,3166,2000000,MANILA,PALIPARAN,REGULAR,2-Jan-20
1590,NTMC,C12556,PAINTWORKS ENTERPRISES INC.,03169@mailinator.com,3169,3169,0,CEBU,CEBU CITY,-,2-Jan-20
1591,NTMC,C12562,TW CAR CARE CENTER,04292@mailinator.com,4292,4292,600000,ILOILO,ROXAS CITY,REGULAR,2-Jan-20
1592,NTMC,C12565,LUNAR STEEL CORPORATION,02539@mailinator.com,2539,2539,2000000,MANILA,PASIG,REGULAR,2-Jan-20
1593,NTMC,C12567,CEBU MOPH SALES AND SERVICES CORP,00754@mailinator.com,754,754,600000,CEBU,CEBU CITY,REGULAR,2-Jan-20
1594,NTMC,C12572,FIELDSTONE HARDWARE AND CONSTRUCTION SUPPLY,01419@mailinator.com,1419,1419,0,ILOILO,ILOILO CITY,REGULAR,2-Jan-20
1595,NTMC,C12575,HITACHI CABLE PHILIPPINES INC.,01767@mailinator.com,1767,1767,800000,MANILA,HAGONOY,REGULAR,2-Jan-20
1596,NTMC,C12578,DEDON MANUFACTURING INC.,01033@mailinator.com,1033,1033,0,CEBU,MANDAUE CITY,REGULAR,2-Jan-20
1597,NTMC,C12579,ZELLER PLASTIK PHILIPPINES INC.,04542@mailinator.com,4542,4542,500000,MANILA,MUNTINLUPA,REGULAR,2-Jan-20
1598,NTMC,C12512,ROENTGEN SEPARATION TECHNOLOGIE INC.,03652@mailinator.com,3652,3652,0,MANILA,BI?N,REGULAR,2-Jan-20
1599,NTMC,C12521,HN TRADING,01775@mailinator.com,1775,1775,50000,DUMAGUETE,BAYAWAN CITY,REGULAR,2-Jan-20
1600,NTMC,C12522,GLADES INTERNATIONAL CORPORATION,01599@mailinator.com,1599,1599,400000,MANILA,BI?N,REGULAR,2-Jan-20
1601,NTMC,C12524,RUSSEL AIRCON REPAIR SHOP,03745@mailinator.com,3745,3745,0,ILOILO,ROXAS CITY,REGULAR,2-Jan-20
1602,NTMC,C12537,"EMD TECHNOLOGIES PHILIPPINES, INC.",01274@mailinator.com,1274,1274,1800000,MANILA,CALAMBA,REGULAR,2-Jan-20
1603,NTMC,C12541,CITIZEN MACHINERY PHILIPPINES INC.,00842@mailinator.com,842,842,400000,MANILA,SAN JOSE,REGULAR,2-Jan-20
1604,NTMC,C12543,"PHILIPPINE NAGANO SEIKO, INC.",03250@mailinator.com,3250,3250,1000000,MANILA,PASAY,REGULAR,2-Jan-20
1605,NTMC,C12543A,"CAVITE NAGANO SEIKO, INC.",00720@mailinator.com,720,720,0,MANILA,SANTA CRUZ,REGULAR,2-Jan-20
1606,NTMC,C12546,CROMWELL KIM PO,00930@mailinator.com,930,930,50000,CEBU,CEBU CITY,-,2-Jan-20
1607,NTMC,C12547,ATON ENTERPRISES & SERVICES,00407@mailinator.com,407,407,50000,CEBU,BOGO CITY,REGULAR,2-Jan-20
1608,NTMC,C12552,"PHILIPPINE INDUSTRIAL CARBONICS, INC.",03248@mailinator.com,3248,3248,0,BACOLOD,SAN CARLOS,REGULAR,2-Jan-20
1609,NTMC,C12486,ACE MINERVA TYRE GALLERY STA. ROSA TAGAYTAY INC.,00119@mailinator.com,119,119,1000000,MANILA,CAVITE,REGULAR,2-Jan-20
1610,NTMC,C12477,MARGAL TRADING,02642@mailinator.com,2642,2642,0,MANILA,QUEZON CITY,REGULAR,2-Jan-20
1611,NTMC,C12478,"STEPAN PHILIPPINES QUATERNARIES, INC.",04028@mailinator.com,4028,4028,1000000,MANILA,BAUAN,REGULAR,2-Jan-20
1612,NTMC,C12481,CERVANTES TEOFANES,00790@mailinator.com,790,790,50000,CEBU,CEBU SOUTH,-,2-Jan-20
1613,NTMC,C12489,"INTEGRA VENTURES ASIA, INC.",01860@mailinator.com,1860,1860,600000,MANILA,TAGUIG,REGULAR,2-Jan-20
1614,NTMC,C12492,ICEE'S CAR AIRCON ENTERPRISES,01810@mailinator.com,1810,1810,300000,MANILA,MANILA,REGULAR,2-Jan-20
1615,NTMC,C12493,"ATEDROC AUTO SERVICES, INC.",00401@mailinator.com,401,401,500000,MANILA,MANILA,-,2-Jan-20
1616,NTMC,C12496,JAKXS AUTO SOLUTIONS CO,01956@mailinator.com,1956,1956,500000,MANILA,MINDORO,-,2-Jan-20
1617,NTMC,C12497,CAR TECH AUTO SERVICE CENTER CORPORATION,00690@mailinator.com,690,690,0,MANILA,TAGUIG,-,2-Jan-20
1618,NTMC,C12483,SVB TIRE AND CAR ACCESSORIES,04080@mailinator.com,4080,4080,2000000,MANILA,LAGUNA,REGULAR,2-Jan-20
1619,NTMC,C12457,SYCAMORE GLOBAL SHIPPING CORPORATION,04083@mailinator.com,4083,4083,4000000,MANILA,MAKATI,REGULAR,2-Jan-20
1620,NTMC,C12453,MAXIMA STEEL MILLS CORP.,02691@mailinator.com,2691,2691,1000000,MANILA,VALENZUELA,REGULAR,2-Jan-20
1621,NTMC,C12454,WESCO GEN. MDSE,04442@mailinator.com,4442,4442,600000,MANILA,MANILA,REGULAR,2-Jan-20
1622,NTMC,C12456,LAGUNA METTS CORPORATION,02430@mailinator.com,2430,2430,1200000,MANILA,CALAMBA,REGULAR,2-Jan-20
1623,NTMC,C12457A,"THETA LOGISTICS COMPANY, INC.",04170@mailinator.com,4170,4170,0,MANILA,MAKATI,-,2-Jan-20
1624,NTMC,C12457B,"BANYAN TOWAGE SERVICES, INC.",00477@mailinator.com,477,477,0,MANILA,MAKATI,REGULAR,2-Jan-20
1625,NTMC,C12458,FORMOSA FORGE PHILIPPINES INC.,01457@mailinator.com,1457,1457,0,MANILA,MEYCAUAYAN,REGULAR,2-Jan-20
1626,NTMC,C12460,JOSEPHINE GUJELDE,02223@mailinator.com,2223,2223,50000,BOHOL,BOHOL PROVINCE,-,2-Jan-20
1627,NTMC,C12461,"PIONEER OFFSET PRINTING, INC.",03273@mailinator.com,3273,3273,0,MANILA,MANDALUYONG,REGULAR,2-Jan-20
1628,NTMC,C12462,"GALVANIZING SPECIALIST MANUFACTURING, INC.",01509@mailinator.com,1509,1509,0,MANILA,MEYCAUAYAN,REGULAR,2-Jan-20
1629,NTMC,C12472,KODEC PRECISION INCORPORATED,02381@mailinator.com,2381,2381,1200000,MANILA,SAN FERNANDO,REGULAR,2-Jan-20
1630,NTMC,C12419A,"HANDOG INDUSTRIAL GASES DISTRIBUTORS, INC.",01712@mailinator.com,1712,1712,0,MANILA,PANIQUI,REGULAR,2-Jan-20
1631,NTMC,C12424,TRAILBOSS AUTOWORKS ENT.,04239@mailinator.com,4239,4239,3000000,MANILA,QUEZON PROVINCE,REGULAR,2-Jan-20
1632,NTMC,C12425,AUTOMOBILE CENTRAL ENTERPRISE INC.,00422@mailinator.com,422,422,500000,MANILA,MANDALUYONG,-,2-Jan-20
1633,NTMC,C12431,REAL STEEL CORPORATION,03483@mailinator.com,3483,3483,2500000,MANILA,SAN FERNANDO,REGULAR,2-Jan-20
1634,NTMC,C12441,"GALING POWER & ENERGY CONST. CO, INC.",01506@mailinator.com,1506,1506,75000,CEBU,TOLEDO CITY,-,2-Jan-20
1635,NTMC,C12444,"THERMA MOBILE, INC.",04165@mailinator.com,4165,4165,1000000,MANILA,NAVOTAS,REGULAR,2-Jan-20
1636,NTMC,C12444A,"THERMA VISAYAS, INC.",04168@mailinator.com,4168,4168,3000000,CEBU,TOLEDO CITY,REGULAR,2-Jan-20
1637,NTMC,C12444B,THERMA POWER - VISAYAS INC.,04166@mailinator.com,4166,4166,0,CEBU,NAGA,REGULAR,2-Jan-20
1638,NTMC,C12446,OPTIMUS TRANSPORT SYSTEMS INC.,03124@mailinator.com,3124,3124,100000,CEBU,MANDAUE CITY,REGULAR,2-Jan-20
1639,NTMC,C12447,LEODEL DEJINO,02472@mailinator.com,2472,2472,0,CEBU,CEBU CITY,-,2-Jan-20
1640,NTMC,C12427,"CMG MINERVA TYRE GALLERY-VERSAILLES, INC.",00877@mailinator.com,877,877,4000000,MANILA,LAS PINAS,REGULAR,2-Jan-20
1641,NTMC,C12406,JOYLAND INDUSTRIES CORPORATION,02232@mailinator.com,2232,2232,0,CEBU,MANDAUE CITY,-,2-Jan-20
1642,NTMC,C12409,BUENOS ENTERPRISES,00646@mailinator.com,646,646,0,BOHOL,TAGBILARAN CITY,REGULAR,2-Jan-20
1643,NTMC,C12411,ALLIANCE MEDIA PRINTING INC.,00235@mailinator.com,235,235,500000,MANILA,BI?N,REGULAR,2-Jan-20
1644,NTMC,C12412,ALBA SERVITECH,00206@mailinator.com,206,206,100000,CEBU,MANDAUE CITY,REGULAR,2-Jan-20
1645,NTMC,C12417,MYRRH TEMPERING CORPORATION,02921@mailinator.com,2921,2921,0,MANILA,MANILA,REGULAR,2-Jan-20
1646,NTMC,C12419,MAGUYAM INDUSTRIAL GAS PRODUCTS CORPORATION,02595@mailinator.com,2595,2595,500000,MANILA,PANIQUI,REGULAR,2-Jan-20
1647,NTMC,C12400,EAST BLUE ENTERPRISES,01185@mailinator.com,1185,1185,600000,TACLOBAN,TACLOBAN CITY,REGULAR,2-Jan-20
1648,NTMC,C12413,MORETA SHIPPING LINES INC.,02848@mailinator.com,2848,2848,4000000,MANILA,MANILA,REGULAR,2-Jan-20
1649,NTMC,C12400A,JGO BUILDERS,02088@mailinator.com,2088,2088,1500000,TACLOBAN,TACLOBAN CITY,REGULAR,2-Jan-20
1650,NTMC,C12387,ASHLAR INDUSTRIAL CORPORATION,00382@mailinator.com,382,382,0,MANILA,MALABON,REGULAR,2-Jan-20
1651,NTMC,C12388,RCCR CONSTRUCTION MATERIALS AND SUPPLY,03469@mailinator.com,3469,3469,0,ILOILO,ILOILO CITY,-,2-Jan-20
1652,NTMC,C12389,INNO LUNA,01855@mailinator.com,1855,1855,0,MANILA,MANILA,-,2-Jan-20
1653,NTMC,C12390,SAN MIGUEL YAMAMURA PACKAGING CORPORATION - SMY GLASS PLANT,03820@mailinator.com,3820,3820,5000000,MANILA,DAET,REGULAR,2-Jan-20
1654,NTMC,C12391,ENCHANTED KINGDOM INC.,01285@mailinator.com,1285,1285,700000,MANILA,PADRE GARCIA,REGULAR,2-Jan-20
1655,NTMC,C12392,"KINERGY PHILIPPINES, INC.",02356@mailinator.com,2356,2356,500000,MANILA,CALAMBA,REGULAR,2-Jan-20
1656,NTMC,C12394,ALEGARBES TIRE CENTER,00215@mailinator.com,215,215,300000,MANILA,SAN JOSE,REGULAR,2-Jan-20
1657,NTMC,C12398,TRUST INTERNATIONAL PAPER CORPORATION,04282@mailinator.com,4282,4282,0,MANILA,PAMPANGA,-,2-Jan-20
1658,NTMC,C12398A,"FIBRE SORTING, INC.",01417@mailinator.com,1417,1417,0,MANILA,ILAGAN,REGULAR,2-Jan-20
1659,NTMC,C12398B,FIFTH DISCIPLINE PACKAGING PAPER CORPORATION,01420@mailinator.com,1420,1420,0,MANILA,SAN FERNANDO,REGULAR,2-Jan-20
1660,NTMC,C12375,RSC TRUCKING SERVICES,03726@mailinator.com,3726,3726,500000,ILOILO,ILOILO CITY,REGULAR,2-Jan-20
1661,NTMC,C12361,ANLURICH OPC,00301@mailinator.com,301,301,0,MANILA,PANIQUI,REGULAR,2-Jan-20
1662,NTMC,C12364,WESTERN DIGITAL STORAGE TECHNOLOGIES (PHILIPPINES) CORP.,04444@mailinator.com,4444,4444,800000,MANILA,BI?N,REGULAR,2-Jan-20
1663,NTMC,C12366,ILOILO AUTO SUPPLY,01826@mailinator.com,1826,1826,50000,ILOILO,ILOILO CITY,REGULAR,2-Jan-20
1664,NTMC,C12367,BEST CHEMICALS & PLASTICS INC.,00527@mailinator.com,527,527,500000,MANILA,PASAY,REGULAR,2-Jan-20
1665,NTMC,C12368,CHAROEN POKPHAND FOODS PHILIPPINES CORPORATION,00803@mailinator.com,803,803,1000000,MANILA,TARLAC,REGULAR,2-Jan-20
1666,NTMC,C12376,CAN ASIA INC.,00685@mailinator.com,685,685,1300000,MANILA,SINILOAN,REGULAR,2-Jan-20
1667,NTMC,C12378,SILICON TRADING CORP.,03905@mailinator.com,3905,3905,350000,MANILA,NAGA CITY,REGULAR,2-Jan-20
1668,NTMC,C12381,CASTEM PHILIPPINES CORPORATION,00716@mailinator.com,716,716,500000,MANILA,ROSARIO,REGULAR,2-Jan-20
1669,NTMC,C12384,MAD RACING GENERAL MERCHANDISE,02587@mailinator.com,2587,2587,50000,BOHOL,BOHOL PROVINCE,-,2-Jan-20
1670,NTMC,C12378A,MAMIMA TIRE DEPOT,02609@mailinator.com,2609,2609,0,MANILA,NAGA CITY,REGULAR,2-Jan-20
1671,NTMC,C12358,"JOCELYN FORGE, INC.",021551@mailinator.com,2155,2155,1000000,MANILA,MEYCAUAYAN,REGULAR,2-Jan-20
1672,NTMC,C12339,"MOLDEX PRODUCTS, INC.",02836@mailinator.com,2836,2836,5000000,MANILA,MEYCAUAYAN,REGULAR,2-Jan-20
1673,NTMC,C12344,ANDA POWER CORPORATION,00285@mailinator.com,285,285,1200000,MANILA,ILAGAN,REGULAR,2-Jan-20
1674,NTMC,C12345,"MAIBARARA GEOTHERMAL, INC.",02597@mailinator.com,2597,2597,800000,MANILA,PAGSANJAN,REGULAR,2-Jan-20
1675,NTMC,C12346,"MULTI PLY PAPER VENTURES, INC.",02909@mailinator.com,2909,2909,0,MANILA,SAN FERNANDO,REGULAR,2-Jan-20
1676,NTMC,C12347,JOYSON  SAFETY  SYSTEMS (PHILIPPINES) CORPORATION,02233@mailinator.com,2233,2233,800000,MANILA,BI?N,REGULAR,2-Jan-20
1677,NTMC,C12350,LAGUNA BEARING INDUSTRIAL SALES,02428@mailinator.com,2428,2428,150000,MANILA,CALAMBA,REGULAR,2-Jan-20
1678,NTMC,C12357,JOVEL AUTO SUPPLY,02228@mailinator.com,2228,2228,80000,BOHOL,TAGBILARAN CITY,REGULAR,2-Jan-20
1679,NTMC,C12359,P. IMES CORP.,03151@mailinator.com,3151,3151,1000000,MANILA,ROSARIO,REGULAR,2-Jan-20
1680,NTMC,C12360,PENTA TECHNOLOGY INC.,03217@mailinator.com,3217,3217,300000,MANILA,MAKATI,REGULAR,2-Jan-20
1681,NTMC,C12328A,"NEWSPAPER PARAPHERNALIA, INC.",03016@mailinator.com,3016,3016,0,MANILA,BI?N,REGULAR,2-Jan-20
1682,NTMC,C12321,RUREX FABRICATION & TRADING CO. INC.,03743@mailinator.com,3743,3743,100000,MANILA,MALABON,REGULAR,2-Jan-20
1683,NTMC,C12323,ASBEN BALAMBAN SAND & GRAVEL,00376@mailinator.com,376,376,0,CEBU,CEBU SOUTH,-,2-Jan-20
1684,NTMC,C12324,PEGASSO INC.,03213@mailinator.com,3213,3213,50000,MANILA,MANILA,REGULAR,2-Jan-20
1685,NTMC,C12327,SOUTH PHIL. PETROLEUM DISTRIBUTION,03970@mailinator.com,3970,3970,100000,BOHOL,TAGBILARAN CITY,REGULAR,2-Jan-20
1686,NTMC,C12328,LEXMEDIA DIGITAL CORPORATION,02479@mailinator.com,2479,2479,500000,MANILA,BI?N,REGULAR,2-Jan-20
1687,NTMC,C12333,"BOHOL II ELECTRIC COOPERATIVE, INC.",00594@mailinator.com,594,594,500000,BOHOL,TAGBILARAN CITY,BRONZE,2-Jan-20
1688,NTMC,C12334,TRITOOLING PRECISION CORP.,04278@mailinator.com,4278,4278,0,MANILA,PARANAQUE,REGULAR,2-Jan-20
1689,NTMC,C12337,MALAYAN TOWAGE AND SALVAGE CORPORATION,02605@mailinator.com,2605,2605,2500000,MANILA,MAKATI,REGULAR,2-Jan-20
1690,NTMC,C12337A,SUBIC DRYDOCK CORPORATION,04045@mailinator.com,4045,4045,0,MANILA,RODRIGUEZ,REGULAR,2-Jan-20
1691,NTMC,C12302,CAPITOL STEEL CORPORATION,00688@mailinator.com,688,688,1000000,MANILA,QUEZON CITY,REGULAR,2-Jan-20
1692,NTMC,C12306,RAILUBE ENTERPRISES,03428@mailinator.com,3428,3428,0,MANILA,QUEZON CITY,REGULAR,2-Jan-20
1693,NTMC,C12307,ASIAN AEROSPACE CORPORATION,00388@mailinator.com,388,388,1200000,MANILA,PASAY,REGULAR,2-Jan-20
1694,NTMC,C12310,ROSESTONE TRADING COMPANY,03695@mailinator.com,3695,3695,400000,MANILA,ANTIPOLO,REGULAR,2-Jan-20
1695,NTMC,C12312,DELTA DESIGN PHILIPPINES LLC.,01041@mailinator.com,1041,1041,500000,MANILA,CALAMBA,REGULAR,2-Jan-20
1696,NTMC,C12313,INLINE SYSTEM ENTERPRISES,01854@mailinator.com,1854,1854,1,MANILA,PAMPANGA,-,2-Jan-20
1697,NTMC,C12314,"IDEAL MACARONI & SPAGHETTI FACTORY, INC.",01814@mailinator.com,1814,1814,0,MANILA,MALABON,REGULAR,2-Jan-20
1698,NTMC,C12314A,IMS MANUFACTURING CORP,01837@mailinator.com,1837,1837,0,MANILA,BULACAN,-,2-Jan-20
1699,NTMC,C12315,METROCAR SPA,02762@mailinator.com,2762,2762,50000,TACLOBAN,CATARMAN,-,2-Jan-20
1700,NTMC,C12320,HIGH STREET MANUFACTURING  INC.,01756@mailinator.com,1756,1756,0,MANILA,CALACA,REGULAR,2-Jan-20
1701,NTMC,C12256,V-SEVENTEEN TRUCKING SERVICES,04409@mailinator.com,4409,4409,150000,BACOLOD,BACOLOD CITY,NOT AVAILABLE,2-Jan-20
1702,NTMC,C12244,JED JARAMILLA,02042@mailinator.com,2042,2042,0,ILOILO,ILOILO CITY,-,2-Jan-20
1703,NTMC,C12249A,STARMACH TRADING,04020@mailinator.com,4020,4020,1200000,MANILA,BI?N,REGULAR,2-Jan-20
1704,NTMC,C12251,"F.F. CRUZ & CO., INC.",01362@mailinator.com,1362,1362,500000,ILOILO,ILOILO CITY,REGULAR,2-Jan-20
1705,NTMC,C12251A,"F.F. CRUZ & CO., INC.",01363@mailinator.com,1363,1363,500000,MANILA,QUEZON CITY,REGULAR,2-Jan-20
1706,NTMC,C12261,BIKELANE CYCLE SHOP,00550@mailinator.com,550,550,80000,TACLOBAN,TACLOBAN CITY,REGULAR,2-Jan-20
1707,NTMC,C12275,SAIRIC INDUSTRIAL SUPPLY,03781@mailinator.com,3781,3781,100000,MANILA,LAS PINAS,REGULAR,2-Jan-20
1708,NTMC,C12288,ZURCMOTO MOTORCYCLE PARTS AND ACCESSORIES,04555@mailinator.com,4555,4555,300000,ILOILO,ROXAS CITY,REGULAR,2-Jan-20
1709,NTMC,C12293,"COMPRESSAIR CENTER, INC.",00897@mailinator.com,897,897,0,CEBU,MANDAUE CITY,REGULAR,2-Jan-20
1710,NTMC,C12286,CEED FORMING CORPORATION,00766@mailinator.com,766,766,200000,CEBU,CEBU CITY,REGULAR,2-Jan-20
1711,NTMC,C12182,"EME MINERVA TYRE GALLERY MANILA BAY, INC.",01275@mailinator.com,1275,1275,1000000,MANILA,PARANAQUE,REGULAR,2-Jan-20
1712,NTMC,C12183,SOUTHRIDES AUTOWORKS,03979@mailinator.com,3979,3979,200000,MANILA,LAGUNA,-,2-Jan-20
1713,NTMC,C12192,JUNRY MARKETING AND AUTO SUPPLY,02287@mailinator.com,2287,2287,400000,CEBU,MANDAUE CITY,REGULAR,2-Jan-20
1714,NTMC,C12212,ILOILO GYS MOTORCYCLE PARTS CENTRE,01703@mailinator.com,1703,1703,400000,ILOILO,ILOILO CITY,REGULAR,2-Jan-20
1715,NTMC,C12212A,GYP MOTORCYCLE PARTS CENTER,01701@mailinator.com,1701,1701,0,BACOLOD,BACOLOD CITY,REGULAR,2-Jan-20
1716,NTMC,C12215,APEX FOODS DISTRIBUTION,00318@mailinator.com,318,318,50000,CEBU,MANDAUE CITY,REGULAR,2-Jan-20
1717,NTMC,C12227,KENNY HARDWARE & CONSTRUCTION SUPPLY,02337@mailinator.com,2337,2337,100000,ILOILO,ILOILO CITY,-,2-Jan-20
1718,NTMC,C12237,RI GASOLINE STATION,03549@mailinator.com,3549,3549,100000,ILOILO,ILOILO CITY,REGULAR,2-Jan-20
1719,NTMC,C12242,RITCHEL CATALAN,03576@mailinator.com,3576,3576,0,ILOILO,ILOILO CITY,-,2-Jan-20
1720,NTMC,C12181,BLAZING COMET AUTOCARE INCORPORATED,00568@mailinator.com,568,568,800000,MANILA,CAVITE,REGULAR,2-Jan-20
1721,NTMC,C12108,PAOLO'S ENTERPRISES,03179@mailinator.com,3179,3179,75000,ILOILO,ILOILO CITY,REGULAR,2-Jan-20
1722,NTMC,C12124,ARNOLD FERRER - DUMAGUETE,00365@mailinator.com,365,365,0,DUMAGUETE,BAIS CITY,REGULAR,2-Jan-20
1723,NTMC,C12129,BBC'S PRINTSTOP,00496@mailinator.com,496,496,0,CEBU,MANDAUE CITY,REGULAR,2-Jan-20
1724,NTMC,C12151,SAGBAYAN AUTO PARTS SUPPLY,03777@mailinator.com,3777,3777,50000,BOHOL,TAGBILARAN CITY,BRONZE,2-Jan-20
1725,NTMC,C12152,MOUNT ROCK POWDER CORP.,02888@mailinator.com,2888,2888,0,MANILA,QUEZON CITY,REGULAR,2-Jan-20
1726,NTMC,C12153,LUCILLE SPAREPARTS SURPLUS AND ACCESSORIES,02532@mailinator.com,2532,2532,30000,BOHOL,TAGBILARAN CITY,REGULAR,2-Jan-20
1727,NTMC,C12154,TWO-GF ENTERPRISES,04296@mailinator.com,4296,4296,30000,DUMAGUETE,DUMAGUETE CITY,REGULAR,2-Jan-20
1728,NTMC,C12163A,ADA MANUFACTURING CORPORATION - MANILA,00137@mailinator.com,137,137,0,MANILA,PASIG,REGULAR,2-Jan-20
1729,NTMC,C12166,SUPER A'S COMMERCIAL,04064@mailinator.com,4064,4064,0,BACOLOD,BACOLOD CITY,-,2-Jan-20
1730,NTMC,C12169,YAHZEL TRADING CO. LTD.,04500@mailinator.com,4500,4500,0,MANILA,LAGUNA,-,2-Jan-20
1731,NTMC,C12180,RICEL CARSAVER AUTO SUPPLY AND SERVICES,03551@mailinator.com,3551,3551,600000,MANILA,CAMARINES NORTE,REGULAR,2-Jan-20
1732,NTMC,C12020,FUTURE ALBFERUS TRADING,01490@mailinator.com,1490,1490,50000,CEBU,MANDAUE CITY,REGULAR,2-Jan-20
1733,NTMC,C12022,"APEX TYRE SUPPLY ILOILO, INC.",00319@mailinator.com,319,319,0,ILOILO,ILOILO CITY,REGULAR,2-Jan-20
1734,NTMC,C12024A,"PEPSI-COLA PRODUCTS PHILIPPINES, INC.",03220@mailinator.com,3220,3220,0,CEBU,TALISAY CITY,REGULAR,2-Jan-20
1735,NTMC,C12031,"EAST BACOLOD TIRE MARKETING, INC.",01184@mailinator.com,1184,1184,200000,BACOLOD,BACOLOD CITY,REGULAR,2-Jan-20
1736,NTMC,C12051,"UNITED SOUTH DOCKHANDLERS, INC.",04324@mailinator.com,4324,4324,1000000,CEBU,CEBU CITY,REGULAR,2-Jan-20
1737,NTMC,C12074,DUCK - IL KOREA INCORPORATED,01145@mailinator.com,1145,1145,0,CEBU,LAPULAPU CITY,REGULAR,2-Jan-20
1738,NTMC,C12076,3 J'S DRY GOODS SURPLUS,00022@mailinator.com,22,22,0,DUMAGUETE,DUMAGUETE CITY,-,2-Jan-20
1739,NTMC,C12080,PAM MOTOR CYCLE PARTS,03172@mailinator.com,3172,3172,0,BACOLOD,LA CARLOTA CITY,-,2-Jan-20
1740,NTMC,C12085,J & J STORE,01902@mailinator.com,1902,1902,0,ILOILO,ROXAS CITY,REGULAR,2-Jan-20
1741,NTMC,C12087,"ENTIRE CAR CARE CENTER, INC.",01296@mailinator.com,1296,1296,100000,MANILA,CAVITE,NOT AVAILABLE,2-Jan-20
1742,NTMC,C12089,K 5 MERCHANDISE,02300@mailinator.com,2300,2300,50000,ILOILO,ILOILO CITY,REGULAR,2-Jan-20
1743,NTMC,C11956,TALIBON GL SANDS CORPORATION,04108@mailinator.com,4108,4108,300000,BOHOL,TAGBILARAN CITY,BRONZE,2-Jan-20
1744,NTMC,C11930,"DJ CONCRETE SOLUTIONS, INC.",01094@mailinator.com,1094,1094,200000,TACLOBAN,TACLOBAN CITY,REGULAR,2-Jan-20
1745,NTMC,C11935,EARLY ONE TRADING,01181@mailinator.com,1181,1181,1000000,MANILA,CAVITE,NOT AVAILABLE,2-Jan-20
1746,NTMC,C11935A,VIDOLTSIE TRADING,04385@mailinator.com,4385,4385,0,MANILA,CAVITE,NOT AVAILABLE,2-Jan-20
1747,NTMC,C11938,"GODFREY DINGAL, JR.",01625@mailinator.com,1625,1625,0,DUMAGUETE,DUMAGUETE CITY,-,2-Jan-20
1748,NTMC,C11943,YN MOTOR WHEELS PARTS & ACCESSORIES,04516@mailinator.com,4516,4516,100000,BOHOL,TAGBILARAN CITY,SILVER,2-Jan-20
1749,NTMC,C11986,EDMEL ENGINE REBUILDING SERVICES & TRADING CO.,01210@mailinator.com,1210,1210,0,CEBU,MANDAUE CITY,-,2-Jan-20
1750,NTMC,C12006,SAGRANA TOURS,03778@mailinator.com,3778,3778,0,TACLOBAN,TACLOBAN CITY,-,2-Jan-20
1751,NTMC,C12007,TBK MANUFACTURING,04125@mailinator.com,4125,4125,50000,TACLOBAN,TACLOBAN CITY,REGULAR,2-Jan-20
1752,NTMC,C12011,THREE KIDS MOTOR PARTS,04174@mailinator.com,4174,4174,80000,BACOLOD,LA CARLOTA CITY,REGULAR,2-Jan-20
1753,NTMC,C11850,JOEL AGRAMON,02160@mailinator.com,2160,2160,0,ILOILO,ILOILO CITY,-,2-Jan-20
1754,NTMC,C11868,5 SPEED ENTERPRISE,00052@mailinator.com,52,52,0,ILOILO,ILOILO CITY,REGULAR,2-Jan-20
1755,NTMC,C11872,"DUMAGUETE CITY JB MARKETING, INC.",01146@mailinator.com,1146,1146,200000,DUMAGUETE,DUMAGUETE CITY,REGULAR,2-Jan-20
1756,NTMC,C11876,ML ABUNALES ENTERPRISES,02824@mailinator.com,2824,2824,0,TACLOBAN,TACLOBAN CITY,-,2-Jan-20
1757,NTMC,C11900,COLD LINK ASIA LOGISTICS CORP.,00886@mailinator.com,886,886,1000000,CEBU,MANDAUE CITY,REGULAR,2-Jan-20
1758,NTMC,C11907,JOSE VALLESPIN,02215@mailinator.com,2215,2215,0,DUMAGUETE,DUMAGUETE CITY,-,2-Jan-20
1759,NTMC,C11909,"GOLDEN PORTALS INDUSTRIES, INC.",01643@mailinator.com,1643,1643,500000,ILOILO,ILOILO CITY,NOT AVAILABLE,2-Jan-20
1760,NTMC,C11913,ROVY JR. TRANSPORT,03698@mailinator.com,3698,3698,80000,ILOILO,PASSI CITY,REGULAR,2-Jan-20
1761,NTMC,C11916,PRO-WOOD DESIGN,03359@mailinator.com,3359,3359,100000,ILOILO,ILOILO CENTRAL,-,2-Jan-20
1762,NTMC,C11919,SYVIL ENTERPRISES,04089@mailinator.com,4089,4089,100000,TACLOBAN,BORONGAN,-,2-Jan-20
1763,NTMC,C11922,DEREK JAMES AGGREGATES SUPPLY,01062@mailinator.com,1062,1062,1000000,CEBU,CEBU CITY,REGULAR,2-Jan-20
1764,NTMC,C11777,RGW MOTOR PARTS SUPPLY,03539@mailinator.com,3539,3539,30000,DUMAGUETE,DUMAGUETE CITY,-,2-Jan-20
1765,NTMC,C11786,A & S DRINKS & BEVERAGE DISTRIBUTION,00071@mailinator.com,71,71,20000,ILOILO,ILOILO CITY,REGULAR,2-Jan-20
1766,NTMC,C11788,MANDAUE LIBERTAD FLEXIBLE PACKAGING INCORPORATED,02618@mailinator.com,2618,2618,200000,CEBU,MANDAUE CITY,REGULAR,2-Jan-20
1767,NTMC,C11802,EURO TECHNIK AUTO PARTS,01330@mailinator.com,1330,1330,50000,CEBU,CEBU CITY,REGULAR,2-Jan-20
1768,NTMC,C11819,ATLAS FERTILIZER CORPORATION,00405@mailinator.com,405,405,300000,CEBU,TOLEDO CITY,REGULAR,2-Jan-20
1769,NTMC,C11824,VSERVE TRADING,04408@mailinator.com,4408,4408,500000,MANILA,CABUYAO,REGULAR,2-Jan-20
1770,NTMC,C11828,KEVLAR DEVELOPMENT CORPORATION,02348@mailinator.com,2348,2348,200000,CEBU,CEBU CITY,REGULAR,2-Jan-20
1771,NTMC,C11835,TRAK AUTO MARKETING,04240@mailinator.com,4240,4240,500000,MANILA,QUEZON PROVINCE,-,2-Jan-20
1772,NTMC,C11838,E-BROS AUTO PARTS AND ACCESSORIES,01193@mailinator.com,1193,1193,50000,CEBU,MANDAUE CITY,REGULAR,2-Jan-20
1773,NTMC,C11823,MMJ TRADING SYSTEM,02829@mailinator.com,2829,2829,1000000,MANILA,CAMARINES NORTE,REGULAR,2-Jan-20
1774,NTMC,C11698,"RL EARTH HAULING & EQUIPMENT SERVICES, INC.",03597@mailinator.com,3597,3597,60000,BOHOL,TAGBILARAN CITY,BRONZE,2-Jan-20
1775,NTMC,C11698A,RL MINING,03599@mailinator.com,3599,3599,400000,BOHOL,TAGBILARAN CITY,SILVER,2-Jan-20
1776,NTMC,C11712,FREEZANCE TRADING,01479@mailinator.com,1479,1479,80000,BOHOL,TAGBILARAN CITY,REGULAR,2-Jan-20
1777,NTMC,C11725,UNICHEM INDUSTRIAL SALES INC.,04312@mailinator.com,4312,4312,0,CEBU,MANDAUE CITY,REGULAR,2-Jan-20
1778,NTMC,C11729,BRAVSKI TRADING,00619@mailinator.com,619,619,0,CEBU,MANDAUE CITY,REGULAR,2-Jan-20
1779,NTMC,C11733,ALLISON MOTOR PARTS,00238@mailinator.com,238,238,80000,DUMAGUETE,DUMAGUETE CITY,REGULAR,2-Jan-20
1780,NTMC,C11741,JERRY GO,02063@mailinator.com,2063,2063,0,CEBU,CEBU CITY,-,2-Jan-20
1781,NTMC,C11751,ROSARIO CEMBRANO,03689@mailinator.com,3689,3689,0,ILOILO,ILOILO CITY,-,2-Jan-20
1782,NTMC,C11757,"NEGROS AUTOZONE MOTORS, INC.",02959@mailinator.com,2959,2959,60000,BACOLOD,BACOLOD CITY,REGULAR,2-Jan-20
1783,NTMC,C11773,ADOLFA GEN. MDSE.,00143@mailinator.com,143,143,150000,BOHOL,TAGBILARAN CITY,-,2-Jan-20
1784,NTMC,C11636,NAFORT RAMOS,02932@mailinator.com,2932,2932,50000,DUMAGUETE,DUMAGUETE CITY,-,2-Jan-20
1785,NTMC,C11638,FORD GROUP PHILIPPINES,01456@mailinator.com,1456,1456,500000,MANILA,MUNTINLUPA,NOT AVAILABLE,2-Jan-20
1786,NTMC,C11639,S.Y. FORWARDING SERVICES,03769@mailinator.com,3769,3769,120000,ILOILO,ILOILO CITY,REGULAR,2-Jan-20
1787,NTMC,C11643,HOLY FAMILY SHELL SERVICE STATION,01780@mailinator.com,1780,1780,1000000,MANILA,CAVITE,-,2-Jan-20
1788,NTMC,C11645,GORME CONSTRUCTION AND SUPPLIES,01656@mailinator.com,1656,1656,150000,DUMAGUETE,DUMAGUETE CITY,REGULAR,2-Jan-20
1789,NTMC,C11646,GIVS CYCLE PARTS AND SERVICES,01597@mailinator.com,1597,1597,50000,ILOILO,ILOILO CITY,REGULAR,2-Jan-20
1790,NTMC,C11673,RONALD BAGUIO,03678@mailinator.com,3678,3678,0,CEBU,CEBU CITY,-,2-Jan-20
1791,NTMC,C11678,CEBU MacR SALES & SERVICES,00748@mailinator.com,748,748,0,CEBU,CEBU CITY,-,2-Jan-20
1792,NTMC,C11686,29TH OF FEB. TRUCKING & GEN. CARGO & FORWARDER,00012@mailinator.com,12,12,0,BOHOL,TAGBILARAN CITY,-,2-Jan-20
1793,NTMC,C11689,"TECHNO-STRESS INFRABASE, INC.",04133@mailinator.com,4133,4133,1000000,ILOILO,ILOILO CITY,REGULAR,2-Jan-20
1794,NTMC,C11696,KAREILA MANAGEMENT CORP.,02317@mailinator.com,2317,2317,15000000,MANILA,TAGUIG,REGULAR,2-Jan-20
1795,NTMC,C11617,RODAN TRANSIT,03642@mailinator.com,3642,3642,0,BACOLOD,SAN CARLOS,REGULAR,2-Jan-20
1796,NTMC,C11608,GOLDEN GUDA TIRE HAUS,01636@mailinator.com,1636,1636,200000,MANILA,BATANGAS,-,2-Jan-20
1797,NTMC,C11611,PEERSHARE INC.,03211@mailinator.com,3211,3211,0,TACLOBAN,TACLOBAN CITY,REGULAR,2-Jan-20
1798,NTMC,C11616,FBNII AGGREGATES AND GENERAL MERCHANDISE,01387@mailinator.com,1387,1387,200000,CEBU,CEBU CITY,REGULAR,2-Jan-20
1799,NTMC,C11622,SUBIC BAY INT'L TERMINAL CORP.,04044@mailinator.com,4044,4044,500000,MANILA,RODRIGUEZ,REGULAR,2-Jan-20
1800,NTMC,C11626,JAMES MARTIN TRUCKING SERVICES,01964@mailinator.com,1964,1964,0,DUMAGUETE,DUMAGUETE CITY,-,2-Jan-20
,,,,,,,,,,,
,,,,,,,,,,,
,,,,,,,,,,,
,,,,,,,,,,,
,,,,,,,,,,,
,,,,,,,,,,,
,,,,,,,,,,,
,,,,,,,,,,,
,,,,,,,,,,,
,,,,,,,,,,,
,,,,,,,,,,,
,,,,,,,,,,,
,,,,,,,,,,,
,,,,,,,,,,,
,,,,,,,,,,,
,,,,,,,,,,,
,,,,,,,,,,,
,,,,,,,,,,,
,,,,,,,,,,,
,,,,,,,,,,,
,,,,,,,,,,,
,,,,,,,,,,,
,,,,,,,,,,,
,,,,,,,,,,,
,,,,,,,,,,,
,,,,,,,,,,,
,,,,,,,,,,,
,,,,,,,,,,,
,,,,,,,,,,,
,,,,,,,,,,,
,,,,,,,,,,,
,,,,,,,,,,,
,,,,,,,,,,,
,,,,,,,,,,,
,,,,,,,,,,,
,,,,,,,,,,,
,,,,,,,,,,,
,,,,,,,,,,,
,,,,,,,,,,,
,,,,,,,,,,,
,,,,,,,,,,,
,,,,,,,,,,,
,,,,,,,,,,,
,,,,,,,,,,,
,,,,,,,,,,,
,,,,,,,,,,,
,,,,,,,,,,,
,,,,,,,,,,,
,,,,,,,,,,,
,,,,,,,,,,,
,,,,,,,,,,,
,,,,,,,,,,,
,,,,,,,,,,,
,,,,,,,,,,,
,,,,,,,,,,,
,,,,,,,,,,,
,,,,,,,,,,,
,,,,,,,,,,,
,,,,,,,,,,,
,,,,,,,,,,,
,,,,,,,,,,,
,,,,,,,,,,,
,,,,,,,,,,,
,,,,,,,,,,,
,,,,,,,,,,,
,,,,,,,,,,,
,,,,,,,,,,,
,,,,,,,,,,,
,,,,,,,,,,,
,,,,,,,,,,,
,,,,,,,,,,,
,,,,,,,,,,,
,,,,,,,,,,,
,,,,,,,,,,,
,,,,,,,,,,,
,,,,,,,,,,,
,,,,,,,,,,,
,,,,,,,,,,,
,,,,,,,,,,,
,,,,,,,,,,,
,,,,,,,,,,,
,,,,,,,,,,,
,,,,,,,,,,,
,,,,,,,,,,,
,,,,,,,,,,,
,,,,,,,,,,,
,,,,,,,,,,,
